"","lda_tst_err","lda_sd_err","qda_tst_err","qda_sd_err"
"1",0.194444444444444,0.0785674201318386,0.356481481481482,0.0885700299523564
