"","lda_tst_err","lda_sd_err","qda_tst_err","qda_sd_err"
"1",0.199074074074074,0.0733178996104784,0.361111111111111,0.0351364184463153
