"","lda_tst_err","lda_sd_err","qda_tst_err","qda_sd_err"
"1",0.185185185185185,0.0779099406220838,0.361111111111111,0.112491426285092
