"","lda_tst_err","lda_sd_err","qda_tst_err","qda_sd_err"
"1",0.00462962962962963,0.0113402302906629,0.00462962962962963,0.0113402302906629
