"","size","decay","error","sd"
"91",25,1,0.203703703703704,0.0836414058565646
