"","size","decay","error","sd"
"127",25,1.27,0.189814814814815,0.0369211148840313
